INSERT INTO users (id, name, email, password, role, created_at) VALUES (1, 'Admin', 'admin@store.com', '$2b$12$BNjrANdMxw9qlPCZyfWo9uKbCKgc0GhWz.Xj3mCT1OXxu4Y2v47RK', 'admin', '2026-04-07 11:20:32.791683') ON CONFLICT (email) DO NOTHING;
INSERT INTO users (id, name, email, password, role, created_at) VALUES (2, 'John Doe', 'john@email.com', '$2b$12$MlP5inv4RdgCbstk88Qb2O3VxE39s/IaFqslQT5ssG.qy0g397NLK', 'customer', '2026-04-07 12:51:41.202894') ON CONFLICT (email) DO NOTHING;
INSERT INTO users (id, name, email, password, role, created_at) VALUES (5, 'Customer', 'customer@store.com', '$2b$12$jycakbFJf8R5MIzuc5t8J.37hKs1lrzHOKW7wc/WWuhY0VE0lP6dO', 'customer', '2026-04-07 14:15:39.113108') ON CONFLICT (email) DO NOTHING;
INSERT INTO users (id, name, email, password, role, created_at) VALUES (6, 'Test Customer', 'testuser1775635369@test.com', '$2b$12$GDvE1D.o73ov/atirNEafuYvSURRYLlZnvNOQ94Ovcwmof.jkL9mm', 'customer', '2026-04-08 11:02:49.572664') ON CONFLICT (email) DO NOTHING;
INSERT INTO users (id, name, email, password, role, created_at) VALUES (7, 'Test Customer', 'testuser1775635405@test.com', '$2b$12$0sUYUn2d9Q55Hj6iW6qJdOUOea.UqDzkM/x5ZeQ/ot3limhuGKmIm', 'customer', '2026-04-08 11:03:25.952030') ON CONFLICT (email) DO NOTHING;
INSERT INTO users (id, name, email, password, role, created_at) VALUES (8, 'Test Customer', 'testuser1775635429@test.com', '$2b$12$.rUCWxIh4seY2xqREnmbR.ghpweb8bZbuLpBRnMmxKqhjKaKWx0M.', 'customer', '2026-04-08 11:03:49.968059') ON CONFLICT (email) DO NOTHING;
INSERT INTO users (id, name, email, password, role, created_at) VALUES (9, 'Test Registration User', 'testuser_1775636834@example.com', '$2b$12$iPeH0VL7PS0BhMSZ21Cl0uLCIFJ1Pp4xtkQTYHrVkFp1cqFepaTwm', 'customer', '2026-04-08 11:27:14.771286') ON CONFLICT (email) DO NOTHING;
INSERT INTO users (id, name, email, password, role, created_at) VALUES (10, 'jonah vance', 'jonahvance@store.com', '$2b$12$sgHMKTeWwtloTRjOZFdYwuMfpjkTEeecrgnLnDnkwqHrEIGQvXB/e', 'customer', '2026-04-08 11:40:40.625425') ON CONFLICT (email) DO NOTHING;
INSERT INTO products (id, name, description, price, stock, image_url, category, discount, action) VALUES (1, 'Pacifier', 'This is a very good product for keeping babies quiet.', 15000.00, 8, '', 'Infant (0-6 Months)', 0, 'On Sale') ON CONFLICT DO NOTHING;
INSERT INTO products (id, name, description, price, stock, image_url, category, discount, action) VALUES (6, 'Baby Crib', 'This is a comfy easy to set up crib for 0-6 months babies', 249999.98, 5, '', 'Infant (0-6 Months)', 0, 'New Arrival') ON CONFLICT DO NOTHING;
INSERT INTO products (id, name, description, price, stock, image_url, category, discount, action) VALUES (7, 'SMA Formula.', 'Powdered milk for babies 0-6 months.', 50000.00, 20, '', 'Infant (0-6 Months)', 0, 'On Sale') ON CONFLICT DO NOTHING;
INSERT INTO products (id, name, description, price, stock, image_url, category, discount, action) VALUES (8, 'Swaddles', 'Mimicks womb and keeps baby warm and cozy.', 80000.00, 10, '', 'Infant (0-6 Months)', 4.97, 'Limited Edition') ON CONFLICT DO NOTHING;
INSERT INTO products (id, name, description, price, stock, image_url, category, discount, action) VALUES (9, 'Pampers (Diapers & Wipes Combo) ', 'Diapers and Wipes combo discounted', 102000.00, 24, '', 'Infant (0-6 Months)', 10.00, 'Bestseller') ON CONFLICT DO NOTHING;
INSERT INTO products (id, name, description, price, stock, image_url, category, discount, action) VALUES (10, 'Seat Trainer', 'This comfy seat trainer starts your baby on their sitting posture.', 60000.00, 9, '', 'Sitter/Crawler (6-12 Months)', 0, 'New Arrival') ON CONFLICT DO NOTHING;
INSERT INTO products (id, name, description, price, stock, image_url, category, discount, action) VALUES (11, 'Silcone Feeding Set', 'This is for kids to learn how to feed', 70000.00, 23, '', 'Toddler (12-18+ Months)', 0, 'Bestseller') ON CONFLICT DO NOTHING;
INSERT INTO products (id, name, description, price, stock, image_url, category, discount, action) VALUES (12, 'Car Seat', 'Protects your baby when driving.', 800000.00, 10, '', 'Sitter/Crawler (6-12 Months)', 0, 'On Sale') ON CONFLICT DO NOTHING;
INSERT INTO products (id, name, description, price, stock, image_url, category, discount, action) VALUES (13, 'Baby Stroller', 'Push your baby around in comfort, replaceable wheels and easy set up.', 1500000.00, 7, '', 'Sitter/Crawler (6-12 Months)', 10.00, 'On Sale') ON CONFLICT DO NOTHING;
INSERT INTO products (id, name, description, price, stock, image_url, category, discount, action) VALUES (14, 'Teethers', 'Teethers for toddlers.', 17000.00, 15, '', 'Toddler (12-18+ Months)', 0, 'On Sale') ON CONFLICT DO NOTHING;
INSERT INTO products (id, name, description, price, stock, image_url, category, discount, action) VALUES (15, 'Toddler Potty ', 'This is a comfy potty toilet trainer for toddlers.', 700000.00, 5, '', 'Toddler (12-18+ Months)', 0, 'Limited Edition') ON CONFLICT DO NOTHING;
INSERT INTO products (id, name, description, price, stock, image_url, category, discount, action) VALUES (16, 'Bath Basin', 'Bath basins for toddlers', 30000.00, 11, '', 'Toddler (12-18+ Months)', 0, 'On Sale') ON CONFLICT DO NOTHING;
INSERT INTO product_images (id, product_id, image_url, image_order) VALUES (2, 1, '/static/images/products/pacifier.jfif', 1) ON CONFLICT DO NOTHING;
INSERT INTO product_images (id, product_id, image_url, image_order) VALUES (3, 1, '/static/images/products/pacifier 2.jfif', 2) ON CONFLICT DO NOTHING;
INSERT INTO product_images (id, product_id, image_url, image_order) VALUES (4, 1, '/static/images/products/pacifier 3.jfif', 3) ON CONFLICT DO NOTHING;
INSERT INTO product_images (id, product_id, image_url, image_order) VALUES (5, 6, '/static/images/products/20260408_210049_BabylettoM23701HYHC-800x552TopSlider_1.webp', 1) ON CONFLICT DO NOTHING;
INSERT INTO product_images (id, product_id, image_url, image_order) VALUES (6, 6, '/static/images/products/20260408_210049_download.jfif', 2) ON CONFLICT DO NOTHING;
INSERT INTO product_images (id, product_id, image_url, image_order) VALUES (7, 7, '/static/images/products/20260408_210710_sma_formula_2.jpg', 1) ON CONFLICT DO NOTHING;
INSERT INTO product_images (id, product_id, image_url, image_order) VALUES (8, 7, '/static/images/products/20260408_210710_sma_formula.webp', 2) ON CONFLICT DO NOTHING;
INSERT INTO product_images (id, product_id, image_url, image_order) VALUES (9, 7, '/static/images/products/20260408_210710_sma_formula.webp', 3) ON CONFLICT DO NOTHING;
INSERT INTO product_images (id, product_id, image_url, image_order) VALUES (10, 8, '/static/images/products/20260408_211156_swaddle_3.jfif', 1) ON CONFLICT DO NOTHING;
INSERT INTO product_images (id, product_id, image_url, image_order) VALUES (11, 8, '/static/images/products/20260408_211156_swaddle_2.jfif', 2) ON CONFLICT DO NOTHING;
INSERT INTO product_images (id, product_id, image_url, image_order) VALUES (14, 9, '/static/images/products/20260408_214719_pampers_2.jpg', 1) ON CONFLICT DO NOTHING;
INSERT INTO product_images (id, product_id, image_url, image_order) VALUES (15, 9, '/static/images/products/20260408_214719_pampers_3.jfif', 2) ON CONFLICT DO NOTHING;
INSERT INTO product_images (id, product_id, image_url, image_order) VALUES (16, 10, '/static/images/products/20260408_215347_seat_trainer_3.webp', 1) ON CONFLICT DO NOTHING;
INSERT INTO product_images (id, product_id, image_url, image_order) VALUES (18, 10, '/static/images/products/20260408_215509_seat_trainer_3.webp', 2) ON CONFLICT DO NOTHING;
INSERT INTO product_images (id, product_id, image_url, image_order) VALUES (19, 10, '/static/images/products/20260408_215509_seat_trainer_1.jpg', 3) ON CONFLICT DO NOTHING;
INSERT INTO product_images (id, product_id, image_url, image_order) VALUES (20, 11, '/static/images/products/20260408_220121_silcone_feeding_set_2.webp', 1) ON CONFLICT DO NOTHING;
INSERT INTO product_images (id, product_id, image_url, image_order) VALUES (21, 11, '/static/images/products/20260408_220121_silcone_feeding_set_3.jpg', 2) ON CONFLICT DO NOTHING;
INSERT INTO product_images (id, product_id, image_url, image_order) VALUES (22, 12, '/static/images/products/20260408_220510_car_seat_3.jpg', 1) ON CONFLICT DO NOTHING;
INSERT INTO product_images (id, product_id, image_url, image_order) VALUES (23, 12, '/static/images/products/20260408_220510_car_seat_2.webp', 2) ON CONFLICT DO NOTHING;
INSERT INTO product_images (id, product_id, image_url, image_order) VALUES (24, 12, '/static/images/products/20260408_220510_car_seat.webp', 3) ON CONFLICT DO NOTHING;
INSERT INTO product_images (id, product_id, image_url, image_order) VALUES (25, 13, '/static/images/products/20260408_221031_stroller_3.jpeg', 1) ON CONFLICT DO NOTHING;
INSERT INTO product_images (id, product_id, image_url, image_order) VALUES (26, 14, '/static/images/products/20260408_221346_teethers_3.jpg', 1) ON CONFLICT DO NOTHING;
INSERT INTO product_images (id, product_id, image_url, image_order) VALUES (27, 14, '/static/images/products/20260408_221346_teethers_2.jpg', 2) ON CONFLICT DO NOTHING;
INSERT INTO product_images (id, product_id, image_url, image_order) VALUES (28, 15, '/static/images/products/20260408_221823_potty_1.jpg', 1) ON CONFLICT DO NOTHING;
INSERT INTO product_images (id, product_id, image_url, image_order) VALUES (29, 15, '/static/images/products/20260408_221823_potty_2.webp', 2) ON CONFLICT DO NOTHING;
INSERT INTO product_images (id, product_id, image_url, image_order) VALUES (30, 15, '/static/images/products/20260408_221823_potty_3.webp', 3) ON CONFLICT DO NOTHING;
INSERT INTO product_images (id, product_id, image_url, image_order) VALUES (31, 16, '/static/images/products/20260408_222507_bath_basin.webp', 1) ON CONFLICT DO NOTHING;
INSERT INTO product_images (id, product_id, image_url, image_order) VALUES (32, 16, '/static/images/products/20260408_222507_batj.webp', 2) ON CONFLICT DO NOTHING;
SELECT setval('users_id_seq', (SELECT MAX(id) FROM users));
SELECT setval('products_id_seq', (SELECT MAX(id) FROM products));
SELECT setval('product_images_id_seq', (SELECT MAX(id) FROM product_images));